<?xml version="1.0"?>
<!DOCTYPE suppressions PUBLIC "-//Puppy Crawl//DTD Suppressions 1.1//EN"
		"https://www.puppycrawl.com/dtds/suppressions_1_1.dtd">
<suppressions>
	<suppress files=".+Application\.java" checks="HideUtilityClassConstructor"/>
	<suppress files=".+Configuration\.java" checks="HideUtilityClassConstructor"/>
	<suppress files="[\\/]BCrypt(Tests)?\.java" checks="RegexpHeader"/>

	<suppress files="[\\/]src[\\/]test[\\/]java[\\/]" checks="Javadoc"/>
	<suppress files="[\\/]src[\\/]integration-test[\\/]java[\\/]" checks="Javadoc"/>

	<suppress files="[\\/]docs[\\/]" checks="Javadoc"/>
	<suppress files="[\\/]docs[\\/]" checks="CommentsIndentation"/>
	<suppress files="[\\/]docs[\\/]" checks="InnerTypeLast"/>

	<suppress files="[\\/]samples[\\/]" checks="Javadoc"/>
	<suppress files="[\\/]samples[\\/]" checks="CommentsIndentation"/>
	<suppress files="[\\/]samples[\\/]" checks="InnerTypeLast"/>
</suppressions>
